Symbol,Company Name,Industry,Capitalization,ISIN Code
ADANIPORTS,Adani Ports and Special Economic Zone Ltd.,SERVICES,LARGE_CAP,INE742F01042
ASIANPAINT,Asian Paints Ltd.,CONSUMER GOODS,LARGE_CAP,INE021A01026
AXISBANK,Axis Bank Ltd.,FINANCIAL SERVICES,LARGE_CAP,INE238A01034
BAJAJ-AUTO,Bajaj Auto Ltd.,AUTOMOBILE,LARGE_CAP,INE917I01010
BAJFINANCE,Bajaj Finance Ltd.,FINANCIAL SERVICES,LARGE_CAP,INE296A01024
BAJAJFINSV,Bajaj Finserv Ltd.,FINANCIAL SERVICES,LARGE_CAP,INE918I01018
BPCL,Bharat Petroleum Corporation Ltd.,OIL & GAS,LARGE_CAP,INE029A01011
BHARTIARTL,Bharti Airtel Ltd.,TELECOM,LARGE_CAP,INE397D01024
BRITANNIA,Britannia Industries Ltd.,CONSUMER GOODS,LARGE_CAP,INE216A01030
CIPLA,Cipla Ltd.,PHARMA,LARGE_CAP,INE059A01026
COALINDIA,Coal India Ltd.,METALS,LARGE_CAP,INE522F01014
DIVISLAB,Divi's Laboratories Ltd.,PHARMA,LARGE_CAP,INE361B01024
DRREDDY,Dr. Reddy's Laboratories Ltd.,PHARMA,LARGE_CAP,INE089A01023
EICHERMOT,Eicher Motors Ltd.,AUTOMOBILE,LARGE_CAP,INE066A01021
GAIL,GAIL (India) Ltd.,OIL & GAS,LARGE_CAP,INE129A01019
GRASIM,Grasim Industries Ltd.,CEMENT & CEMENT PRODUCTS,LARGE_CAP,INE047A01021
HCLTECH,HCL Technologies Ltd.,IT,LARGE_CAP,INE860A01027
HDFCBANK,HDFC Bank Ltd.,FINANCIAL SERVICES,LARGE_CAP,INE040A01034
HDFCLIFE,HDFC Life Insurance Company Ltd.,FINANCIAL SERVICES,LARGE_CAP,INE795G01014
HEROMOTOCO,Hero MotoCorp Ltd.,AUTOMOBILE,LARGE_CAP,INE158A01026
HINDALCO,Hindalco Industries Ltd.,METALS,LARGE_CAP,INE038A01020
HINDUNILVR,Hindustan Unilever Ltd.,CONSUMER GOODS,LARGE_CAP,INE030A01027
HDFC,Housing Development Finance Corporation Ltd.,FINANCIAL SERVICES,LARGE_CAP,INE001A01036
ICICIBANK,ICICI Bank Ltd.,FINANCIAL SERVICES,LARGE_CAP,INE090A01021
ITC,ITC Ltd.,CONSUMER GOODS,LARGE_CAP,INE154A01025
IOC,Indian Oil Corporation Ltd.,OIL & GAS,LARGE_CAP,INE242A01010
INDUSINDBK,IndusInd Bank Ltd.,FINANCIAL SERVICES,LARGE_CAP,INE095A01012
INFY,Infosys Ltd.,IT,LARGE_CAP,INE009A01021
JSWSTEEL,JSW Steel Ltd.,METALS,LARGE_CAP,INE019A01038
KOTAKBANK,Kotak Mahindra Bank Ltd.,FINANCIAL SERVICES,LARGE_CAP,INE237A01028
LT,Larsen & Toubro Ltd.,CONSTRUCTION,LARGE_CAP,INE018A01030
M&M,Mahindra & Mahindra Ltd.,AUTOMOBILE,LARGE_CAP,INE101A01026
MARUTI,Maruti Suzuki India Ltd.,AUTOMOBILE,LARGE_CAP,INE585B01010
NTPC,NTPC Ltd.,POWER,LARGE_CAP,INE733E01010
NESTLEIND,Nestle India Ltd.,CONSUMER GOODS,LARGE_CAP,INE239A01016
ONGC,Oil & Natural Gas Corporation Ltd.,OIL & GAS,LARGE_CAP,INE213A01029
POWERGRID,Power Grid Corporation of India Ltd.,POWER,LARGE_CAP,INE752E01010
RELIANCE,Reliance Industries Ltd.,OIL & GAS,LARGE_CAP,INE002A01018
SBILIFE,SBI Life Insurance Company Ltd.,FINANCIAL SERVICES,LARGE_CAP,INE123W01016
SHREECEM,Shree Cement Ltd.,CEMENT & CEMENT PRODUCTS,LARGE_CAP,INE070A01015
SBIN,State Bank of India,FINANCIAL SERVICES,LARGE_CAP,INE062A01020
SUNPHARMA,Sun Pharmaceutical Industries Ltd.,PHARMA,LARGE_CAP,INE044A01036
TCS,Tata Consultancy Services Ltd.,IT,LARGE_CAP,INE467B01029
TATAMOTORS,Tata Motors Ltd.,AUTOMOBILE,LARGE_CAP,INE155A01022
TATASTEEL,Tata Steel Ltd.,METALS,LARGE_CAP,INE081A01012
TECHM,Tech Mahindra Ltd.,IT,LARGE_CAP,INE669C01036
TITAN,Titan Company Ltd.,CONSUMER GOODS,LARGE_CAP,INE280A01028
UPL,UPL Ltd.,FERTILISERS & PESTICIDES,LARGE_CAP,INE628A01036
ULTRACEMCO,UltraTech Cement Ltd.,CEMENT & CEMENT PRODUCTS,LARGE_CAP,INE481G01011
WIPRO,Wipro Ltd.,IT,LARGE_CAP,INE075A01022
ACC,ACC Ltd.,CEMENT & CEMENT PRODUCTS,LARGE_CAP,INE012A01025
ABBOTINDIA,Abbott India Ltd.,PHARMA,LARGE_CAP,INE358A01014
ADANIGREEN,Adani Green Energy Ltd.,POWER,LARGE_CAP,INE364U01010
ADANITRANS,Adani Transmission Ltd.,POWER,LARGE_CAP,INE931S01010
ALKEM,Alkem Laboratories Ltd.,PHARMA,LARGE_CAP,INE540L01014
AMBUJACEM,Ambuja Cements Ltd.,CEMENT & CEMENT PRODUCTS,LARGE_CAP,INE079A01024
AUROPHARMA,Aurobindo Pharma Ltd.,PHARMA,LARGE_CAP,INE406A01037
DMART,Avenue Supermarts Ltd.,CONSUMER GOODS,LARGE_CAP,INE192R01011
BAJAJHLDNG,Bajaj Holdings & Investment Ltd.,FINANCIAL SERVICES,LARGE_CAP,INE118A01012
BANDHANBNK,Bandhan Bank Ltd.,FINANCIAL SERVICES,LARGE_CAP,INE545U01014
BANKBARODA,Bank of Baroda,FINANCIAL SERVICES,LARGE_CAP,INE028A01039
BERGEPAINT,Berger Paints India Ltd.,CONSUMER GOODS,LARGE_CAP,INE463A01038
INFRATEL,Bharti Infratel Ltd.,TELECOM,LARGE_CAP,INE121J01017
BIOCON,Biocon Ltd.,PHARMA,LARGE_CAP,INE376G01013
BOSCHLTD,Bosch Ltd.,AUTOMOBILE,LARGE_CAP,INE323A01026
CADILAHC,Cadila Healthcare Ltd.,PHARMA,LARGE_CAP,INE010B01027
COLPAL,Colgate Palmolive (India) Ltd.,CONSUMER GOODS,LARGE_CAP,INE259A01022
CONCOR,Container Corporation of India Ltd.,SERVICES,LARGE_CAP,INE111A01025
DLF,DLF Ltd.,CONSTRUCTION,LARGE_CAP,INE271C01023
DABUR,Dabur India Ltd.,CONSUMER GOODS,LARGE_CAP,INE016A01026
GICRE,General Insurance Corporation of India,FINANCIAL SERVICES,LARGE_CAP,INE481Y01014
GODREJCP,Godrej Consumer Products Ltd.,CONSUMER GOODS,LARGE_CAP,INE102D01028
HDFCAMC,HDFC Asset Management Company Ltd.,FINANCIAL SERVICES,LARGE_CAP,INE127D01025
HAVELLS,Havells India Ltd.,CONSUMER GOODS,LARGE_CAP,INE176B01034
HINDPETRO,Hindustan Petroleum Corporation Ltd.,OIL & GAS,LARGE_CAP,INE094A01015
HINDZINC,Hindustan Zinc Ltd.,METALS,LARGE_CAP,INE267A01025
ICICIGI,ICICI Lombard General Insurance Company Ltd.,FINANCIAL SERVICES,LARGE_CAP,INE765G01017
ICICIPRULI,ICICI Prudential Life Insurance Company Ltd.,FINANCIAL SERVICES,LARGE_CAP,INE726G01019
IGL,Indraprastha Gas Ltd.,OIL & GAS,LARGE_CAP,INE203G01027
NAUKRI,Info Edge (India) Ltd.,IT,LARGE_CAP,INE663F01024
INDIGO,InterGlobe Aviation Ltd.,SERVICES,LARGE_CAP,INE646L01027
LTI,Larsen & Toubro Infotech Ltd.,IT,LARGE_CAP,INE214T01019
LUPIN,Lupin Ltd.,PHARMA,LARGE_CAP,INE326A01037
MARICO,Marico Ltd.,CONSUMER GOODS,LARGE_CAP,INE196A01026
MOTHERSUMI,Motherson Sumi Systems Ltd.,AUTOMOBILE,LARGE_CAP,INE775A01035
MUTHOOTFIN,Muthoot Finance Ltd.,FINANCIAL SERVICES,LARGE_CAP,INE414G01012
NMDC,NMDC Ltd.,METALS,LARGE_CAP,INE584A01023
OFSS,Oracle Financial Services Software Ltd.,IT,LARGE_CAP,INE881D01027
PETRONET,Petronet LNG Ltd.,OIL & GAS,LARGE_CAP,INE347G01014
PIDILITIND,Pidilite Industries Ltd.,CHEMICALS,LARGE_CAP,INE318A01026
PEL,Piramal Enterprises Ltd.,FINANCIAL SERVICES,LARGE_CAP,INE140A01024
PFC,Power Finance Corporation Ltd.,FINANCIAL SERVICES,LARGE_CAP,INE134E01011
PGHH,Procter & Gamble Hygiene & Health Care Ltd.,CONSUMER GOODS,LARGE_CAP,INE179A01014
PNB,Punjab National Bank,FINANCIAL SERVICES,LARGE_CAP,INE160A01022
SBICARD,SBI Cards and Payment Services Ltd.,FINANCIAL SERVICES,LARGE_CAP,INE018E01016
SIEMENS,Siemens Ltd.,INDUSTRIAL MANUFACTURING,LARGE_CAP,INE003A01024
TATACONSUM,Tata Consumer Products Ltd.,CONSUMER GOODS,LARGE_CAP,INE192A01025
TORNTPHARM,Torrent Pharmaceuticals Ltd.,PHARMA,LARGE_CAP,INE685A01028
UBL,United Breweries Ltd.,CONSUMER GOODS,LARGE_CAP,INE686F01025
MCDOWELL-N,United Spirits Ltd.,CONSUMER GOODS,LARGE_CAP,INE854D01024
3MINDIA,3M India Ltd.,SERVICES,MID_CAP,INE470A01017
ABB,ABB India Ltd.,INDUSTRIAL MANUFACTURING,MID_CAP,INE117A01022
AIAENG,AIA Engineering Ltd.,INDUSTRIAL MANUFACTURING,MID_CAP,INE212H01026
AUBANK,AU Small Finance Bank Ltd.,FINANCIAL SERVICES,MID_CAP,INE949L01017
AARTIIND,Aarti Industries Ltd.,CHEMICALS,MID_CAP,INE769A01020
AAVAS,Aavas Financiers Ltd.,FINANCIAL SERVICES,MID_CAP,INE216P01012
ADANIENT,Adani Enterprises Ltd.,SERVICES,MID_CAP,INE423A01024
ADANIGAS,Adani Gas Ltd.,OIL & GAS,MID_CAP,INE399L01023
ABCAPITAL,Aditya Birla Capital Ltd.,FINANCIAL SERVICES,MID_CAP,INE674K01013
ABFRL,Aditya Birla Fashion and Retail Ltd.,CONSUMER GOODS,MID_CAP,INE647O01011
AJANTPHARM,Ajanta Pharmaceuticals Ltd.,PHARMA,MID_CAP,INE031B01049
AKZOINDIA,Akzo Nobel India Ltd.,CONSUMER GOODS,MID_CAP,INE133A01011
APLLTD,Alembic Pharmaceuticals Ltd.,PHARMA,MID_CAP,INE901L01018
AMARAJABAT,Amara Raja Batteries Ltd.,AUTOMOBILE,MID_CAP,INE885A01032
APOLLOHOSP,Apollo Hospitals Enterprise Ltd.,HEALTHCARE SERVICES,MID_CAP,INE437A01024
APOLLOTYRE,Apollo Tyres Ltd.,AUTOMOBILE,MID_CAP,INE438A01022
ASHOKLEY,Ashok Leyland Ltd.,AUTOMOBILE,MID_CAP,INE208A01029
ASTRAZEN,AstraZenca Pharma India Ltd.,PHARMA,MID_CAP,INE203A01020
ASTRAL,Astral Poly Technik Ltd.,INDUSTRIAL MANUFACTURING,MID_CAP,INE006I01046
ATUL,Atul Ltd.,CHEMICALS,MID_CAP,INE100A01010
BALKRISIND,Balkrishna Industries Ltd.,AUTOMOBILE,MID_CAP,INE787D01026
BANKINDIA,Bank of India,FINANCIAL SERVICES,MID_CAP,INE084A01016
BATAINDIA,Bata India Ltd.,CONSUMER GOODS,MID_CAP,INE176A01028
BAYERCROP,Bayer Cropscience Ltd.,FERTILISERS & PESTICIDES,MID_CAP,INE462A01022
BEL,Bharat Electronics Ltd.,INDUSTRIAL MANUFACTURING,MID_CAP,INE263A01024
BHARATFORG,Bharat Forge Ltd.,INDUSTRIAL MANUFACTURING,MID_CAP,INE465A01025
BHEL,Bharat Heavy Electricals Ltd.,INDUSTRIAL MANUFACTURING,MID_CAP,INE257A01026
BBTC,Bombay Burmah Trading Corporation Ltd.,CONSUMER GOODS,MID_CAP,INE050A01025
CESC,CESC Ltd.,POWER,MID_CAP,INE486A01013
CRISIL,CRISIL Ltd.,FINANCIAL SERVICES,MID_CAP,INE007A01025
CANBK,Canara Bank,FINANCIAL SERVICES,MID_CAP,INE476A01014
CASTROLIND,Castrol India Ltd.,OIL & GAS,MID_CAP,INE172A01027
CHOLAHLDNG,Cholamandalam Financial Holdings Ltd.,FINANCIAL SERVICES,MID_CAP,INE149A01033
CHOLAFIN,Cholamandalam Investment and Finance Company Ltd.,FINANCIAL SERVICES,MID_CAP,INE121A01024
CUB,City Union Bank Ltd.,FINANCIAL SERVICES,MID_CAP,INE491A01021
COFORGE,Coforge Ltd.,IT,MID_CAP,INE591G01017
COROMANDEL,Coromandel International Ltd.,FERTILISERS & PESTICIDES,MID_CAP,INE169A01031
CREDITACC,CreditAccess Grameen Ltd.,FINANCIAL SERVICES,MID_CAP,INE741K01010
CROMPTON,Crompton Greaves Consumer Electricals Ltd.,CONSUMER GOODS,MID_CAP,INE299U01018
CUMMINSIND,Cummins India Ltd.,INDUSTRIAL MANUFACTURING,MID_CAP,INE298A01020
DALBHARAT,Dalmia Bharat Ltd.,CEMENT & CEMENT PRODUCTS,MID_CAP,INE00R701025
DHANI,Dhani Services Ltd.,FINANCIAL SERVICES,MID_CAP,INE274G01010
LALPATHLAB,Dr. Lal Path Labs Ltd.,HEALTHCARE SERVICES,MID_CAP,INE600L01024
EDELWEISS,Edelweiss Financial Services Ltd.,FINANCIAL SERVICES,MID_CAP,INE532F01054
EMAMILTD,Emami Ltd.,CONSUMER GOODS,MID_CAP,INE548C01032
ENDURANCE,Endurance Technologies Ltd.,AUTOMOBILE,MID_CAP,INE913H01037
ERIS,Eris Lifesciences Ltd.,PHARMA,MID_CAP,INE406M01024
ESCORTS,Escorts Ltd.,AUTOMOBILE,MID_CAP,INE042A01014
EXIDEIND,Exide Industries Ltd.,AUTOMOBILE,MID_CAP,INE302A01020
FEDERALBNK,Federal Bank Ltd.,FINANCIAL SERVICES,MID_CAP,INE171A01029
FORTIS,Fortis Healthcare Ltd.,HEALTHCARE SERVICES,MID_CAP,INE061F01013
FRETAIL,Future Retail Ltd.,CONSUMER GOODS,MID_CAP,INE752P01024
GMRINFRA,GMR Infrastructure Ltd.,CONSTRUCTION,MID_CAP,INE776C01039
GILLETTE,Gillette India Ltd.,CONSUMER GOODS,MID_CAP,INE322A01010
GLAXO,Glaxosmithkline Pharmaceuticals Ltd.,PHARMA,MID_CAP,INE159A01016
GLENMARK,Glenmark Pharmaceuticals Ltd.,PHARMA,MID_CAP,INE935A01035
GODREJAGRO,Godrej Agrovet Ltd.,CONSUMER GOODS,MID_CAP,INE850D01014
GODREJIND,Godrej Industries Ltd.,CONSUMER GOODS,MID_CAP,INE233A01035
GODREJPROP,Godrej Properties Ltd.,CONSTRUCTION,MID_CAP,INE484J01027
GUJGASLTD,Gujarat Gas Ltd.,OIL & GAS,MID_CAP,INE844O01030
GSPL,Gujarat State Petronet Ltd.,OIL & GAS,MID_CAP,INE246F01010
HATSUN,Hatsun Agro Product Ltd.,CONSUMER GOODS,MID_CAP,INE473B01035
HAL,Hindustan Aeronautics Ltd.,INDUSTRIAL MANUFACTURING,MID_CAP,INE066F01012
HONAUT,Honeywell Automation India Ltd.,INDUSTRIAL MANUFACTURING,MID_CAP,INE671A01010
HUDCO,Housing & Urban Development Corporation Ltd.,FINANCIAL SERVICES,MID_CAP,INE031A01017
ISEC,ICICI Securities Ltd.,FINANCIAL SERVICES,MID_CAP,INE763G01038
IDFCFIRSTB,IDFC First Bank Ltd.,FINANCIAL SERVICES,MID_CAP,INE092T01019
IIFLWAM,IIFL Wealth Management Ltd.,FINANCIAL SERVICES,MID_CAP,INE466L01020
ITI,ITI Ltd.,TELECOM,MID_CAP,INE248A01017
IBULHSGFIN,Indiabulls Housing Finance Ltd.,FINANCIAL SERVICES,MID_CAP,INE148I01020
INDHOTEL,Indian Hotels Co. Ltd.,SERVICES,MID_CAP,INE053A01029
IRCTC,Indian Railway Catering And Tourism Corporation Ltd.,SERVICES,MID_CAP,INE335Y01012
IPCALAB,Ipca Laboratories Ltd.,PHARMA,MID_CAP,INE571A01020
JKCEMENT,J.K. Cement Ltd.,CEMENT & CEMENT PRODUCTS,MID_CAP,INE823G01014
JMFINANCIL,JM Financial Ltd.,FINANCIAL SERVICES,MID_CAP,INE780C01023
JSWENERGY,JSW Energy Ltd.,POWER,MID_CAP,INE121E01018
JINDALSTEL,Jindal Steel & Power Ltd.,METALS,MID_CAP,INE749A01030
JUBLFOOD,Jubilant Foodworks Ltd.,CONSUMER GOODS,MID_CAP,INE797F01012
KANSAINER,Kansai Nerolac Paints Ltd.,CONSUMER GOODS,MID_CAP,INE531A01024
L&TFH,L&T Finance Holdings Ltd.,FINANCIAL SERVICES,MID_CAP,INE498L01015
LTTS,L&T Technology Services Ltd.,IT,MID_CAP,INE010V01017
LICHSGFIN,LIC Housing Finance Ltd.,FINANCIAL SERVICES,MID_CAP,INE115A01026
MRF,MRF Ltd.,AUTOMOBILE,MID_CAP,INE883A01011
MGL,Mahanagar Gas Ltd.,OIL & GAS,MID_CAP,INE002S01010
M&MFIN,Mahindra & Mahindra Financial Services Ltd.,FINANCIAL SERVICES,MID_CAP,INE774D01024
MANAPPURAM,Manappuram Finance Ltd.,FINANCIAL SERVICES,MID_CAP,INE522D01027
MRPL,Mangalore Refinery & Petrochemicals Ltd.,OIL & GAS,MID_CAP,INE103A01014
MFSL,Max Financial Services Ltd.,FINANCIAL SERVICES,MID_CAP,INE180A01020
METROPOLIS,Metropolis Healthcare Ltd.,HEALTHCARE SERVICES,MID_CAP,INE112L01020
MINDTREE,MindTree Ltd.,IT,MID_CAP,INE018I01017
MINDAIND,Minda Industries Ltd.,AUTOMOBILE,MID_CAP,INE405E01023
MOTILALOFS,Motilal Oswal Financial Services Ltd.,FINANCIAL SERVICES,MID_CAP,INE338I01027
MPHASIS,MphasiS Ltd.,IT,MID_CAP,INE356A01018
NATCOPHARM,NATCO Pharma Ltd.,PHARMA,MID_CAP,INE987B01026
NHPC,NHPC Ltd.,POWER,MID_CAP,INE848E01016
NLCINDIA,NLC India Ltd.,POWER,MID_CAP,INE589A01014
NATIONALUM,National Aluminium Co. Ltd.,METALS,MID_CAP,INE139A01034
NAVINFLUOR,Navin Fluorine International Ltd.,CHEMICALS,MID_CAP,INE048G01026
NAM-INDIA,Nippon Life India Asset Management Ltd.,FINANCIAL SERVICES,MID_CAP,INE298J01013
OBEROIRLTY,Oberoi Realty Ltd.,CONSTRUCTION,MID_CAP,INE093I01010
OIL,Oil India Ltd.,OIL & GAS,MID_CAP,INE274J01014
PIIND,PI Industries Ltd.,FERTILISERS & PESTICIDES,MID_CAP,INE603J01030
PAGEIND,Page Industries Ltd.,TEXTILES,MID_CAP,INE761H01022
PFIZER,Pfizer Ltd.,PHARMA,MID_CAP,INE182A01018
PHOENIXLTD,Phoenix Mills Ltd.,CONSTRUCTION,MID_CAP,INE211B01039
POLYCAB,Polycab India Ltd.,INDUSTRIAL MANUFACTURING,MID_CAP,INE455K01017
PRESTIGE,Prestige Estates Projects Ltd.,CONSTRUCTION,MID_CAP,INE811K01011
RBLBANK,RBL Bank Ltd.,FINANCIAL SERVICES,MID_CAP,INE976G01028
RECLTD,REC Ltd.,FINANCIAL SERVICES,MID_CAP,INE020B01018
RAJESHEXPO,Rajesh Exports Ltd.,CONSUMER GOODS,MID_CAP,INE343B01030
RELAXO,Relaxo Footwears Ltd.,CONSUMER GOODS,MID_CAP,INE131B01039
SJVN,SJVN Ltd.,POWER,MID_CAP,INE002L01015
SKFINDIA,SKF India Ltd.,INDUSTRIAL MANUFACTURING,MID_CAP,INE640A01023
SRF,SRF Ltd.,INDUSTRIAL MANUFACTURING,MID_CAP,INE647A01010
SANOFI,Sanofi India Ltd.,PHARMA,MID_CAP,INE058A01010
SCHAEFFLER,Schaeffler India Ltd.,INDUSTRIAL MANUFACTURING,MID_CAP,INE513A01014
SFL,Sheela Foam Ltd.,CONSUMER GOODS,MID_CAP,INE916U01025
SHRIRAMCIT,Shriram City Union Finance Ltd.,FINANCIAL SERVICES,MID_CAP,INE722A01011
SRTRANSFIN,Shriram Transport Finance Co. Ltd.,FINANCIAL SERVICES,MID_CAP,INE721A01013
SOLARINDS,Solar Industries India Ltd.,CHEMICALS,MID_CAP,INE343H01029
SAIL,Steel Authority of India Ltd.,METALS,MID_CAP,INE114A01011
SUMICHEM,Sumitomo Chemical India Ltd.,CHEMICALS,MID_CAP,INE258G01013
SUNTV,Sun TV Network Ltd.,MEDIA & ENTERTAINMENT,MID_CAP,INE424H01027
SUNDARMFIN,Sundaram Finance Ltd.,FINANCIAL SERVICES,MID_CAP,INE660A01013
SUNDRMFAST,Sundram Fasteners Ltd.,AUTOMOBILE,MID_CAP,INE387A01021
SUPREMEIND,Supreme Industries Ltd.,INDUSTRIAL MANUFACTURING,MID_CAP,INE195A01028
SYMPHONY,Symphony Ltd.,CONSUMER GOODS,MID_CAP,INE225D01027
SYNGENE,Syngene International Ltd.,PHARMA,MID_CAP,INE398R01022
TTKPRESTIG,TTK Prestige Ltd.,CONSUMER GOODS,MID_CAP,INE690A01010
TVSMOTOR,TVS Motor Company Ltd.,AUTOMOBILE,MID_CAP,INE494B01023
TATACHEM,Tata Chemicals Ltd.,CHEMICALS,MID_CAP,INE092A01019
TATACOMM,Tata Communications Ltd.,TELECOM,MID_CAP,INE151A01013
TATAPOWER,Tata Power Co. Ltd.,POWER,MID_CAP,INE245A01021
NIACL,The New India Assurance Company Ltd.,FINANCIAL SERVICES,MID_CAP,INE470Y01017
RAMCOCEM,The Ramco Cements Ltd.,CEMENT & CEMENT PRODUCTS,MID_CAP,INE331A01037
THERMAX,Thermax Ltd.,INDUSTRIAL MANUFACTURING,MID_CAP,INE152A01029
TORNTPOWER,Torrent Power Ltd.,POWER,MID_CAP,INE813H01021
TRENT,Trent Ltd.,CONSUMER GOODS,MID_CAP,INE849A01020
TIINDIA,Tube Investments of India Ltd.,AUTOMOBILE,MID_CAP,INE974X01010
UNIONBANK,Union Bank of India,FINANCIAL SERVICES,MID_CAP,INE692A01016
VGUARD,V-Guard Industries Ltd.,CONSUMER GOODS,MID_CAP,INE951I01027
VBL,Varun Beverages Ltd.,CONSUMER GOODS,MID_CAP,INE200M01013
VINATIORGA,Vinati Organics Ltd.,CHEMICALS,MID_CAP,INE410B01037
IDEA,Vodafone Idea Ltd.,TELECOM,MID_CAP,INE669E01016
VOLTAS,Voltas Ltd.,CONSUMER GOODS,MID_CAP,INE226A01021
WABCOINDIA,WABCO India Ltd.,AUTOMOBILE,MID_CAP,INE342J01019
WHIRLPOOL,Whirlpool of India Ltd.,CONSUMER GOODS,MID_CAP,INE716A01013
YESBANK,Yes Bank Ltd.,FINANCIAL SERVICES,MID_CAP,INE528G01035
ZEEL,Zee Entertainment Enterprises Ltd.,MEDIA & ENTERTAINMENT,MID_CAP,INE256A01028
ZYDUSWELL,Zydus Wellness Ltd.,CONSUMER GOODS,MID_CAP,INE768C01010
POWERINDIA,ABB Power Products and Systems India Ltd.,INDUSTRIAL MANUFACTURING,SMALL_CAP,INE07Y701011
APLAPOLLO,APL Apollo Tubes Ltd.,METALS,SMALL_CAP,INE702C01019
AARTIDRUGS,Aarti Drugs Ltd.,PHARMA,SMALL_CAP,INE767A01016
ADVENZYMES,Advanced Enzyme Tech Ltd.,CONSUMER GOODS,SMALL_CAP,INE837H01020
AEGISCHEM,Aegis Logistics Ltd.,OIL & GAS,SMALL_CAP,INE208C01025
AFFLE,Affle (India) Ltd.,IT,SMALL_CAP,INE00WC01019
ALEMBICLTD,Alembic Ltd.,PHARMA,SMALL_CAP,INE426A01027
ALKYLAMINE,Alkyl Amines Chemicals Ltd.,CHEMICALS,SMALL_CAP,INE150B01021
ALOKINDS,Alok Industries Ltd.,TEXTILES,SMALL_CAP,INE270A01029
AMBER,Amber Enterprises India Ltd.,CONSUMER GOODS,SMALL_CAP,INE371P01015
ASHOKA,Ashoka Buildcon Ltd.,CONSTRUCTION,SMALL_CAP,INE442H01029
ASTERDM,Aster DM Healthcare Ltd.,HEALTHCARE SERVICES,SMALL_CAP,INE914M01019
AVANTIFEED,Avanti Feeds Ltd.,CONSUMER GOODS,SMALL_CAP,INE871C01038
BASF,BASF India Ltd.,CHEMICALS,SMALL_CAP,INE373A01013
BEML,BEML Ltd.,INDUSTRIAL MANUFACTURING,SMALL_CAP,INE258A01016
BSE,BSE Ltd.,FINANCIAL SERVICES,SMALL_CAP,INE118H01025
BAJAJCON,Bajaj Consumer Care Ltd.,CONSUMER GOODS,SMALL_CAP,INE933K01021
BAJAJELEC,Bajaj Electricals Ltd,CONSUMER GOODS,SMALL_CAP,INE193E01025
BALMLAWRIE,Balmer Lawrie & Co. Ltd.,INDUSTRIAL MANUFACTURING,SMALL_CAP,INE164A01016
BALRAMCHIN,Balrampur Chini Mills Ltd.,CONSUMER GOODS,SMALL_CAP,INE119A01028
MAHABANK,Bank of Maharashtra.,FINANCIAL SERVICES,SMALL_CAP,INE457A01014
BDL,Bharat Dynamics Ltd.,INDUSTRIAL MANUFACTURING,SMALL_CAP,INE171Z01018
BHARATRAS,Bharat Rasayan Ltd.,FERTILISERS & PESTICIDES,SMALL_CAP,INE838B01013
BIRLACORPN,Birla Corporation Ltd.,CEMENT & CEMENT PRODUCTS,SMALL_CAP,INE340A01012
BSOFT,Birlasoft Ltd.,IT,SMALL_CAP,INE836A01035
BLISSGVS,Bliss GVS Pharma Ltd.,PHARMA,SMALL_CAP,INE416D01022
BLUEDART,Blue Dart Express Ltd.,SERVICES,SMALL_CAP,INE233B01017
BLUESTARCO,Blue Star Ltd.,CONSUMER GOODS,SMALL_CAP,INE472A01039
BOMDYEING,Bombay Dyeing & Manufacturing Co. Ltd.,CONSTRUCTION,SMALL_CAP,INE032A01023
BRIGADE,Brigade Enterprises Ltd.,CONSTRUCTION,SMALL_CAP,INE791I01019
CARERATING,CARE Ratings Ltd.,FINANCIAL SERVICES,SMALL_CAP,INE752H01013
CCL,CCL Products (I) Ltd.,CONSUMER GOODS,SMALL_CAP,INE421D01022
CSBBANK,CSB Bank Ltd.,FINANCIAL SERVICES,SMALL_CAP,INE679A01013
CANFINHOME,Can Fin Homes Ltd.,FINANCIAL SERVICES,SMALL_CAP,INE477A01020
CAPLIPOINT,Caplin Point Laboratories Ltd.,PHARMA,SMALL_CAP,INE475E01026
CGCL,Capri Global Capital Ltd.,FINANCIAL SERVICES,SMALL_CAP,INE180C01026
CARBORUNIV,Carborundum Universal Ltd.,INDUSTRIAL MANUFACTURING,SMALL_CAP,INE120A01034
CEATLTD,Ceat Ltd.,AUTOMOBILE,SMALL_CAP,INE482A01020
CENTRALBK,Central Bank of India,FINANCIAL SERVICES,SMALL_CAP,INE483A01010
CDSL,Central Depository Services (India) Ltd.,FINANCIAL SERVICES,SMALL_CAP,INE736A01011
CENTURYPLY,Century Plyboards (India) Ltd.,CONSUMER GOODS,SMALL_CAP,INE348B01021
CENTURYTEX,Century Textile & Industries Ltd.,PAPER,SMALL_CAP,INE055A01016
CERA,Cera Sanitaryware Ltd,CONSTRUCTION,SMALL_CAP,INE739E01017
CHALET,Chalet Hotels Ltd.,SERVICES,SMALL_CAP,INE427F01016
CHAMBLFERT,Chambal Fertilizers & Chemicals Ltd.,FERTILISERS & PESTICIDES,SMALL_CAP,INE085A01013
CHENNPETRO,Chennai Petroleum Corporation Ltd.,OIL & GAS,SMALL_CAP,INE178A01016
COCHINSHIP,Cochin Shipyard Ltd.,INDUSTRIAL MANUFACTURING,SMALL_CAP,INE704P01017
CYIENT,Cyient Ltd.,IT,SMALL_CAP,INE136B01020
DBCORP,D.B.Corp Ltd.,MEDIA & ENTERTAINMENT,SMALL_CAP,INE950I01011
DCBBANK,DCB Bank Ltd.,FINANCIAL SERVICES,SMALL_CAP,INE503A01015
DCMSHRIRAM,DCM Shriram Ltd.,CONSUMER GOODS,SMALL_CAP,INE499A01024
DEEPAKNTR,Deepak Nitrite Ltd.,CHEMICALS,SMALL_CAP,INE288B01029
DELTACORP,Delta Corp Ltd.,SERVICES,SMALL_CAP,INE124G01033
DHANUKA,Dhanuka Agritech Ltd.,FERTILISERS & PESTICIDES,SMALL_CAP,INE435G01025
DBL,Dilip Buildcon Ltd.,CONSTRUCTION,SMALL_CAP,INE917M01012
DISHTV,Dish TV India Ltd.,MEDIA & ENTERTAINMENT,SMALL_CAP,INE836F01026
DCAL,Dishman Carbogen Amcis Ltd.,PHARMA,SMALL_CAP,INE385W01011
DIXON,Dixon Technologies (India) Ltd.,CONSUMER GOODS,SMALL_CAP,INE935N01012
EIDPARRY,E.I.D. Parry (India) Ltd.,FERTILISERS & PESTICIDES,SMALL_CAP,INE126A01031
EIHOTEL,EIH Ltd.,SERVICES,SMALL_CAP,INE230A01023
EPL,EPL Ltd.,INDUSTRIAL MANUFACTURING,SMALL_CAP,INE255A01020
ESABINDIA,ESAB India Ltd.,INDUSTRIAL MANUFACTURING,SMALL_CAP,INE284A01012
ELGIEQUIP,Elgi Equipments Ltd.,INDUSTRIAL MANUFACTURING,SMALL_CAP,INE285A01027
ENGINERSIN,Engineers India Ltd.,CONSTRUCTION,SMALL_CAP,INE510A01028
EQUITAS,Equitas Holdings Ltd.,FINANCIAL SERVICES,SMALL_CAP,INE988K01017
FDC,FDC Ltd.,PHARMA,SMALL_CAP,INE258B01022
FINEORG,Fine Organic Industries Ltd.,CHEMICALS,SMALL_CAP,INE686Y01026
FINCABLES,Finolex Cables Ltd.,INDUSTRIAL MANUFACTURING,SMALL_CAP,INE235A01022
FINPIPE,Finolex Industries Ltd.,INDUSTRIAL MANUFACTURING,SMALL_CAP,INE183A01016
FSL,Firstsource Solutions Ltd.,IT,SMALL_CAP,INE684F01012
FCONSUMER,Future Consumer Ltd.,CONSUMER GOODS,SMALL_CAP,INE220J01025
GEPIL,GE Power India Ltd.,INDUSTRIAL MANUFACTURING,SMALL_CAP,INE878A01011
GHCL,GHCL Ltd.,CHEMICALS,SMALL_CAP,INE539A01019
GMMPFAUDLR,GMM Pfaudler Ltd.,INDUSTRIAL MANUFACTURING,SMALL_CAP,INE541A01023
GALAXYSURF,Galaxy Surfactants Ltd.,CHEMICALS,SMALL_CAP,INE600K01018
GRSE,Garden Reach Shipbuilders & Engineers Ltd.,INDUSTRIAL MANUFACTURING,SMALL_CAP,INE382Z01011
GARFIBRES,Garware Technical Fibres Ltd.,TEXTILES,SMALL_CAP,INE276A01018
GODFRYPHLP,Godfrey Phillips India Ltd.,CONSUMER GOODS,SMALL_CAP,INE260B01028
GRANULES,Granules India Ltd.,PHARMA,SMALL_CAP,INE101D01020
GRAPHITE,Graphite India Ltd.,INDUSTRIAL MANUFACTURING,SMALL_CAP,INE371A01025
GESHIP,Great Eastern Shipping Co. Ltd.,SERVICES,SMALL_CAP,INE017A01032
GREAVESCOT,Greaves Cotton Ltd.,INDUSTRIAL MANUFACTURING,SMALL_CAP,INE224A01026
GRINDWELL,Grindwell Norton Ltd.,INDUSTRIAL MANUFACTURING,SMALL_CAP,INE536A01023
GUJALKALI,Gujarat Alkalies & Chemicals Ltd.,CHEMICALS,SMALL_CAP,INE186A01019
GAEL,Gujarat Ambuja Exports Ltd.,CONSUMER GOODS,SMALL_CAP,INE036B01030
FLUOROCHEM,Gujarat Fluorochemicals Ltd.,CHEMICALS,SMALL_CAP,INE09N301011
GMDCLTD,Gujarat Mineral Development Corporation Ltd.,METALS,SMALL_CAP,INE131A01031
GNFC,Gujarat Narmada Valley Fertilizers and Chemicals Ltd.,CHEMICALS,SMALL_CAP,INE113A01013
GPPL,Gujarat Pipavav Port Ltd.,SERVICES,SMALL_CAP,INE517F01014
GSFC,Gujarat State Fertilizers & Chemicals Ltd.,FERTILISERS & PESTICIDES,SMALL_CAP,INE026A01025
GULFOILLUB,Gulf Oil Lubricants India Ltd.,OIL & GAS,SMALL_CAP,INE635Q01029
HEG,H.E.G. Ltd.,INDUSTRIAL MANUFACTURING,SMALL_CAP,INE545A01016
HFCL,HFCL Ltd.,TELECOM,SMALL_CAP,INE548A01028
HATHWAY,Hathway Cable & Datacom Ltd.,MEDIA & ENTERTAINMENT,SMALL_CAP,INE982F01036
HEIDELBERG,HeidelbergCement India Ltd.,CEMENT & CEMENT PRODUCTS,SMALL_CAP,INE578A01017
HERITGFOOD,Heritage Foods Ltd.,CONSUMER GOODS,SMALL_CAP,INE978A01027
HSCL,Himadri Speciality Chemical Ltd.,CHEMICALS,SMALL_CAP,INE019C01026
HINDCOPPER,Hindustan Copper Ltd.,METALS,SMALL_CAP,INE531E01026
PAPERPROD,Huhtamaki PPL Ltd.,INDUSTRIAL MANUFACTURING,SMALL_CAP,INE275B01026
ICRA,ICRA Ltd.,FINANCIAL SERVICES,SMALL_CAP,INE725G01011
IDBI,IDBI Bank Ltd.,FINANCIAL SERVICES,SMALL_CAP,INE008A01015
IDFC,IDFC Ltd.,FINANCIAL SERVICES,SMALL_CAP,INE043D01016
IFBIND,IFB Industries Ltd.,CONSUMER GOODS,SMALL_CAP,INE559A01017
IIFL,IIFL Finance Ltd.,FINANCIAL SERVICES,SMALL_CAP,INE530B01024
IOLCP,IOL Chem and Pharma Ltd.,PHARMA,SMALL_CAP,INE485C01011
IRB,IRB Infrastructure Developers Ltd.,CONSTRUCTION,SMALL_CAP,INE821I01014
IRCON,IRCON International Ltd.,CONSTRUCTION,SMALL_CAP,INE962Y01021
INDIACEM,India Cements Ltd.,CEMENT & CEMENT PRODUCTS,SMALL_CAP,INE383A01012
IBREALEST,Indiabulls Real Estate Ltd.,CONSTRUCTION,SMALL_CAP,INE069I01010
INDIAMART,Indiamart Intermesh Ltd.,CONSUMER GOODS,SMALL_CAP,INE933S01016
INDIANB,Indian Bank,FINANCIAL SERVICES,SMALL_CAP,INE562A01011
IEX,Indian Energy Exchange Ltd.,FINANCIAL SERVICES,SMALL_CAP,INE022Q01020
IOB,Indian Overseas Bank,FINANCIAL SERVICES,SMALL_CAP,INE565A01014
INDOCO,Indoco Remedies Ltd.,PHARMA,SMALL_CAP,INE873D01024
INFIBEAM,Infibeam Avenues Ltd.,IT,SMALL_CAP,INE483S01020
INGERRAND,Ingersoll Rand (India) Ltd.,INDUSTRIAL MANUFACTURING,SMALL_CAP,INE177A01018
INOXLEISUR,Inox Leisure Ltd.,MEDIA & ENTERTAINMENT,SMALL_CAP,INE312H01016
JBCHEPHARM,J.B. Chemicals & Pharmaceuticals Ltd.,PHARMA,SMALL_CAP,INE572A01028
JKLAKSHMI,JK Lakshmi Cement Ltd.,CEMENT & CEMENT PRODUCTS,SMALL_CAP,INE786A01032
JKPAPER,JK Paper Ltd.,PAPER,SMALL_CAP,INE789E01012
JKTYRE,JK Tyre & Industries Ltd.,AUTOMOBILE,SMALL_CAP,INE573A01042
JTEKTINDIA,JTEKT India Ltd.,AUTOMOBILE,SMALL_CAP,INE643A01035
JAGRAN,Jagran Prakashan Ltd.,MEDIA & ENTERTAINMENT,SMALL_CAP,INE199G01027
JAICORPLTD,Jai Corp Ltd.,INDUSTRIAL MANUFACTURING,SMALL_CAP,INE070D01027
J&KBANK,Jammu & Kashmir Bank Ltd.,FINANCIAL SERVICES,SMALL_CAP,INE168A01041
JAMNAAUTO,Jamna Auto Industries Ltd.,AUTOMOBILE,SMALL_CAP,INE039C01032
JINDALSAW,Jindal Saw Ltd.,METALS,SMALL_CAP,INE324A01024
JSLHISAR,Jindal Stainless (Hisar) Ltd.,METALS,SMALL_CAP,INE455T01018
JSL,Jindal Stainless Ltd.,METALS,SMALL_CAP,INE220G01021
JCHAC,Johnson Controls - Hitachi Air Conditioning India Ltd.,CONSUMER GOODS,SMALL_CAP,INE782A01015
JUSTDIAL,Justdial Ltd.,IT,SMALL_CAP,INE599M01018
JYOTHYLAB,Jyothy Labs Ltd.,CONSUMER GOODS,SMALL_CAP,INE668F01031
KEI,KEI Industries Ltd.,INDUSTRIAL MANUFACTURING,SMALL_CAP,INE878B01027
KNRCON,KNR Constructions Ltd.,CONSTRUCTION,SMALL_CAP,INE634I01029
KRBL,KRBL Ltd.,CONSUMER GOODS,SMALL_CAP,INE001B01026
KSB,KSB Ltd.,INDUSTRIAL MANUFACTURING,SMALL_CAP,INE999A01015
KAJARIACER,Kajaria Ceramics Ltd.,CONSTRUCTION,SMALL_CAP,INE217B01036
KALPATPOWR,Kalpataru Power Transmission Ltd.,POWER,SMALL_CAP,INE220B01022
KTKBANK,Karnataka Bank Ltd.,FINANCIAL SERVICES,SMALL_CAP,INE614B01018
KARURVYSYA,Karur Vysya Bank Ltd.,FINANCIAL SERVICES,SMALL_CAP,INE036D01028
KSCL,Kaveri Seed Company Ltd.,CONSUMER GOODS,SMALL_CAP,INE455I01029
KEC,Kec International Ltd.,CONSTRUCTION,SMALL_CAP,INE389H01022
KOLTEPATIL,Kolte-Patil Developers Ltd.,CONSTRUCTION,SMALL_CAP,INE094I01018
LAOPALA,La Opala RG Ltd.,CONSUMER GOODS,SMALL_CAP,INE059D01020
LAXMIMACH,Lakshmi Machine Works Ltd.,INDUSTRIAL MANUFACTURING,SMALL_CAP,INE269B01029
LAURUSLABS,Laurus Labs Ltd.,PHARMA,SMALL_CAP,INE947Q01028
LEMONTREE,Lemon Tree Hotels Ltd.,SERVICES,SMALL_CAP,INE970X01018
LINDEINDIA,Linde India Ltd.,CHEMICALS,SMALL_CAP,INE473A01011
LUXIND,Lux Industries Ltd.,TEXTILES,SMALL_CAP,INE150G01020
MASFIN,MAS Financial Services Ltd.,FINANCIAL SERVICES,SMALL_CAP,INE348L01012
MMTC,MMTC Ltd.,SERVICES,SMALL_CAP,INE123F01029
MOIL,MOIL Ltd.,METALS,SMALL_CAP,INE490G01020
MAHSCOOTER,Maharashtra Scooters Ltd.,AUTOMOBILE,SMALL_CAP,INE288A01013
MAHSEAMLES,Maharashtra Seamless Ltd.,METALS,SMALL_CAP,INE271B01025
MHRIL,Mahindra Holidays & Resorts India Ltd.,SERVICES,SMALL_CAP,INE998I01010
MAHLOG,Mahindra Logistics Ltd.,SERVICES,SMALL_CAP,INE766P01016
MINDACORP,Minda Corporation Ltd.,AUTOMOBILE,SMALL_CAP,INE842C01021
MIDHANI,Mishra Dhatu Nigam Ltd.,METALS,SMALL_CAP,INE099Z01011
MCX,Multi Commodity Exchange of India Ltd.,FINANCIAL SERVICES,SMALL_CAP,INE745G01035
NBCC,NBCC (India) Ltd.,CONSTRUCTION,SMALL_CAP,INE095N01031
NCC,NCC Ltd.,CONSTRUCTION,SMALL_CAP,INE868B01028
NESCO,NESCO Ltd.,SERVICES,SMALL_CAP,INE317F01035
NOCIL,NOCIL Ltd.,CHEMICALS,SMALL_CAP,INE163A01018
NH,Narayana Hrudayalaya Ltd.,HEALTHCARE SERVICES,SMALL_CAP,INE410P01011
NFL,National Fertilizers Ltd.,FERTILISERS & PESTICIDES,SMALL_CAP,INE870D01012
NAVNETEDUL,Navneet Education Ltd.,MEDIA & ENTERTAINMENT,SMALL_CAP,INE060A01024
NETWORK18,Network18 Media & Investments Ltd.,MEDIA & ENTERTAINMENT,SMALL_CAP,INE870H01013
NILKAMAL,Nilkamal Ltd.,INDUSTRIAL MANUFACTURING,SMALL_CAP,INE310A01015
OMAXE,Omaxe Ltd.,CONSTRUCTION,SMALL_CAP,INE800H01010
ORIENTCEM,Orient Cement Ltd.,CEMENT & CEMENT PRODUCTS,SMALL_CAP,INE876N01018
ORIENTELEC,Orient Electric Ltd.,CONSUMER GOODS,SMALL_CAP,INE142Z01019
ORIENTREF,Orient Refractories Ltd.,INDUSTRIAL MANUFACTURING,SMALL_CAP,INE743M01012
PNBHOUSING,PNB Housing Finance Ltd.,FINANCIAL SERVICES,SMALL_CAP,INE572E01012
PNCINFRA,PNC Infratech Ltd.,CONSTRUCTION,SMALL_CAP,INE195J01029
PSPPROJECT,PSP Projects Ltd.,CONSTRUCTION,SMALL_CAP,INE488V01015
PTC,PTC India Ltd.,POWER,SMALL_CAP,INE877F01012
PVR,PVR Ltd.,MEDIA & ENTERTAINMENT,SMALL_CAP,INE191H01014
PERSISTENT,Persistent Systems Ltd.,IT,SMALL_CAP,INE262H01013
PHILIPCARB,Phillips Carbon Black Ltd.,CHEMICALS,SMALL_CAP,INE602A01023
POLYMED,Poly Medicure Ltd.,PHARMA,SMALL_CAP,INE205C01021
POLYPLEX,Polyplex Corporation Ltd.,INDUSTRIAL MANUFACTURING,SMALL_CAP,INE633B01018
PRAJIND,Praj Industries Ltd.,INDUSTRIAL MANUFACTURING,SMALL_CAP,INE074A01025
PRSMJOHNSN,Prism Johnson Ltd.,CEMENT & CEMENT PRODUCTS,SMALL_CAP,INE010A01011
PGHL,Procter & Gamble Health Ltd.,PHARMA,SMALL_CAP,INE199A01012
QUESS,Quess Corp Ltd.,SERVICES,SMALL_CAP,INE615P01015
RITES,RITES Ltd.,SERVICES,SMALL_CAP,INE320J01015
RADICO,Radico Khaitan Ltd,CONSUMER GOODS,SMALL_CAP,INE944F01028
RVNL,Rail Vikas Nigam Ltd.,CONSTRUCTION,SMALL_CAP,INE415G01027
RAIN,Rain Industries Ltd,CHEMICALS,SMALL_CAP,INE855B01025
RALLIS,Rallis India Ltd.,FERTILISERS & PESTICIDES,SMALL_CAP,INE613A01020
RCF,Rashtriya Chemicals & Fertilizers Ltd.,FERTILISERS & PESTICIDES,SMALL_CAP,INE027A01015
RATNAMANI,Ratnamani Metals & Tubes Ltd.,METALS,SMALL_CAP,INE703B01027
RAYMOND,Raymond Ltd.,TEXTILES,SMALL_CAP,INE301A01014
REDINGTON,Redington (India) Ltd.,SERVICES,SMALL_CAP,INE891D01026
SCHNEIDER,Schneider Electric Infrastructure Ltd.,INDUSTRIAL MANUFACTURING,SMALL_CAP,INE839M01018
SIS,Security and Intelligence Services (India) Ltd.,SERVICES,SMALL_CAP,INE285J01028
SEQUENT,Sequent Scientific Ltd.,PHARMA,SMALL_CAP,INE807F01027
SHILPAMED,Shilpa Medicare Ltd.,PHARMA,SMALL_CAP,INE790G01031
SCI,Shipping Corporation of India Ltd.,SERVICES,SMALL_CAP,INE109A01011
SHOPERSTOP,Shoppers Stop Ltd.,CONSUMER GOODS,SMALL_CAP,INE498B01024
SOBHA,Sobha Ltd.,CONSTRUCTION,SMALL_CAP,INE671H01015
SOLARA,Solara Active Pharma Sciences Ltd.,PHARMA,SMALL_CAP,INE624Z01016
SONATSOFTW,Sonata Software Ltd.,IT,SMALL_CAP,INE269A01021
SOUTHBANK,South Indian Bank Ltd.,FINANCIAL SERVICES,SMALL_CAP,INE683A01023
SPICEJET,Spicejet Ltd.,SERVICES,SMALL_CAP,INE285B01017
STARCEMENT,Star Cement Ltd.,CEMENT & CEMENT PRODUCTS,SMALL_CAP,INE460H01021
SWSOLAR,Sterling And Wilson Solar Ltd.,CONSTRUCTION,SMALL_CAP,INE00M201021
STLTECH,Sterlite Technologies Ltd.,TELECOM,SMALL_CAP,INE089C01029
STAR,Strides Pharma Science Ltd.,PHARMA,SMALL_CAP,INE939A01011
SUDARSCHEM,Sudarshan Chemical Industries Ltd.,CHEMICALS,SMALL_CAP,INE659A01023
SPARC,Sun Pharma Advanced Research Company Ltd.,PHARMA,SMALL_CAP,INE232I01014
SUNTECK,Sunteck Realty Ltd.,CONSTRUCTION,SMALL_CAP,INE805D01034
SUPRAJIT,Suprajit Engineering Ltd.,AUTOMOBILE,SMALL_CAP,INE399C01030
SUPPETRO,Supreme Petrochem Ltd.,CHEMICALS,SMALL_CAP,INE663A01017
SUVENPHAR,Suven Pharmaceuticals Ltd.,PHARMA,SMALL_CAP,INE03QK01018
SUZLON,Suzlon Energy Ltd.,INDUSTRIAL MANUFACTURING,SMALL_CAP,INE040H01021
SWANENERGY,Swan Energy Ltd.,CONSTRUCTION,SMALL_CAP,INE665A01038
SWARAJENG,Swaraj Engines Ltd.,INDUSTRIAL MANUFACTURING,SMALL_CAP,INE277A01016
TCIEXP,TCI Express Ltd.,SERVICES,SMALL_CAP,INE586V01016
TCNSBRANDS,TCNS Clothing Co. Ltd.,TEXTILES,SMALL_CAP,INE778U01029
TVTODAY,TV Today Network Ltd.,MEDIA & ENTERTAINMENT,SMALL_CAP,INE038F01029
TV18BRDCST,TV18 Broadcast Ltd.,MEDIA & ENTERTAINMENT,SMALL_CAP,INE886H01027
TASTYBITE,Tasty Bite Eatables Ltd.,CONSUMER GOODS,SMALL_CAP,INE488B01017
TATACOFFEE,Tata Coffee Ltd.,CONSUMER GOODS,SMALL_CAP,INE493A01027
TATAELXSI,Tata Elxsi Ltd.,IT,SMALL_CAP,INE670A01012
TATAINVEST,Tata Investment Corporation Ltd.,FINANCIAL SERVICES,SMALL_CAP,INE672A01018
TATASTLBSL,Tata Steel BSL Ltd.,METALS,SMALL_CAP,INE824B01021
TEAMLEASE,Teamlease Services Ltd.,SERVICES,SMALL_CAP,INE985S01024
THYROCARE,Thyrocare Technologies Ltd.,HEALTHCARE SERVICES,SMALL_CAP,INE594H01019
TIMKEN,Timken India Ltd.,INDUSTRIAL MANUFACTURING,SMALL_CAP,INE325A01013
TRIDENT,Trident Ltd.,TEXTILES,SMALL_CAP,INE064C01022
UCOBANK,UCO Bank,FINANCIAL SERVICES,SMALL_CAP,INE691A01018
UFLEX,UFLEX Ltd.,INDUSTRIAL MANUFACTURING,SMALL_CAP,INE516A01017
UJJIVAN,Ujjivan Financial Services Ltd.,FINANCIAL SERVICES,SMALL_CAP,INE334L01012
UJJIVANSFB,Ujjivan Small Finance Bank Ltd.,FINANCIAL SERVICES,SMALL_CAP,INE551W01018
VMART,V-Mart Retail Ltd.,CONSUMER GOODS,SMALL_CAP,INE665J01013
VIPIND,V.I.P. Industries Ltd.,CONSUMER GOODS,SMALL_CAP,INE054A01027
VRLLOG,VRL Logistics Ltd.,SERVICES,SMALL_CAP,INE366I01010
VSTIND,VST Industries Ltd.,CONSUMER GOODS,SMALL_CAP,INE710A01016
VAIBHAVGBL,Vaibhav Global Ltd.,CONSUMER GOODS,SMALL_CAP,INE884A01019
VAKRANGEE,Vakrangee Ltd.,IT,SMALL_CAP,INE051B01021
VTL,Vardhman Textiles Ltd.,TEXTILES,SMALL_CAP,INE825A01012
VARROC,Varroc Engineering Ltd.,AUTOMOBILE,SMALL_CAP,INE665L01035
VENKEYS,Venky's (India) Ltd.,CONSUMER GOODS,SMALL_CAP,INE398A01010
WELCORP,Welspun Corp Ltd.,METALS,SMALL_CAP,INE191B01025
WELSPUNIND,Welspun India Ltd.,TEXTILES,SMALL_CAP,INE192B01031
WESTLIFE,Westlife Development Ltd.,SERVICES,SMALL_CAP,INE274F01020
WOCKPHARMA,Wockhardt Ltd.,PHARMA,SMALL_CAP,INE049B01025
ZENSARTECH,Zensar Technolgies Ltd.,IT,SMALL_CAP,INE520A01027
ECLERX,eClerx Services Ltd.,IT,SMALL_CAP,INE738I01010
